<?xml version="1.0" encoding="UTF-8"?>
<project-private xmlns="http://www.netbeans.org/ns/project-private/1">
    <editor-bookmarks xmlns="http://www.netbeans.org/ns/editor-bookmarks/2" lastBookmarkId="0"/>
    <open-files xmlns="http://www.netbeans.org/ns/projectui-open-files/2">
        <group>
            <file>file:/home/dev01/Downloads/Nathan/PROJETO%20POO-20171031T222343Z-001/PROJETO%20POO/src/ExibirDados.java</file>
            <file>file:/home/dev01/Downloads/Nathan/PROJETO%20POO-20171031T222343Z-001/PROJETO%20POO/src/EscolaSys/View/ProfessorView.java</file>
            <file>file:/home/dev01/Downloads/Nathan/PROJETO%20POO-20171031T222343Z-001/PROJETO%20POO/src/EscolaMain.java</file>
            <file>file:/home/dev01/Downloads/Nathan/PROJETO%20POO-20171031T222343Z-001/PROJETO%20POO/src/CadastrarCursos.java</file>
            <file>file:/home/dev01/Downloads/Nathan/PROJETO%20POO-20171031T222343Z-001/PROJETO%20POO/src/EscolaSys/Model/AlunoModel.java</file>
            <file>file:/home/dev01/Downloads/Nathan/PROJETO%20POO-20171031T222343Z-001/PROJETO%20POO/src/EscolaSys/View/AlunoView.java</file>
            <file>file:/home/dev01/Downloads/Nathan/PROJETO%20POO-20171031T222343Z-001/PROJETO%20POO/src/EscolaSys/Model/RecepcionistaModel.java</file>
            <file>file:/home/dev01/Downloads/Nathan/PROJETO%20POO-20171031T222343Z-001/PROJETO%20POO/src/CadastrarMain.java</file>
            <file>file:/home/dev01/Downloads/Nathan/PROJETO%20POO-20171031T222343Z-001/PROJETO%20POO/src/EscolaSys/Model/ProfessorModel.java</file>
            <file>file:/home/dev01/Downloads/Nathan/PROJETO%20POO-20171031T222343Z-001/PROJETO%20POO/src/EscolaSys/Model/Validacoes.java</file>
            <file>file:/home/dev01/Downloads/Nathan/PROJETO%20POO-20171031T222343Z-001/PROJETO%20POO/src/EscolaSys/View/CursoView.java</file>
            <file>file:/home/dev01/Downloads/Nathan/PROJETO%20POO-20171031T222343Z-001/PROJETO%20POO/src/EscolaSys/Model/BancoDeDados.java</file>
            <file>file:/home/dev01/Downloads/Nathan/PROJETO%20POO-20171031T222343Z-001/PROJETO%20POO/src/Escola.java</file>
            <file>file:/home/dev01/Downloads/Nathan/PROJETO%20POO-20171031T222343Z-001/PROJETO%20POO/src/EscolaSys/View/RecepcionistaView.java</file>
        </group>
    </open-files>
</project-private>
